ID,EMAIL,PHONE,FULL_NAME,PASSWORD,USER_GROUP_ID
2,test2@test.com,+1111,Василий Семенов,$2a$10$eJiTtoOoo9Bhzx4ddf/ZFubIEUQhvtnRTKhvZKDTJYaaqL4m6Ivym,1
3,test3@test.com,+654897,Чак Норрис,$2a$10$eJiTtoOoo9Bhzx4ddf/ZFubIEUQhvtnRTKhvZKDTJYaaqL4m6Ivym,1
4,test4@test.com,+155555,Владимир Путин,$2a$10$eJiTtoOoo9Bhzx4ddf/ZFubIEUQhvtnRTKhvZKDTJYaaqL4m6Ivym,1
5,test5@test.com,+123,Арсланов М.М.,$2a$10$eJiTtoOoo9Bhzx4ddf/ZFubIEUQhvtnRTKhvZKDTJYaaqL4m6Ivym,1
6,test6@test.com,+12315,Тимофеева Мария Владимировна,$2a$10$eJiTtoOoo9Bhzx4ddf/ZFubIEUQhvtnRTKhvZKDTJYaaqL4m6Ivym,16
7,test7@test.com,+155,Трололо,$2a$10$eJiTtoOoo9Bhzx4ddf/ZFubIEUQhvtnRTKhvZKDTJYaaqL4m6Ivym,12
8,test8@test.com,+1665,Семейный Трель.,$2a$10$eJiTtoOoo9Bhzx4ddf/ZFubIEUQhvtnRTKhvZKDTJYaaqL4m6Ivym,10
9,test9@test.com,+156,Самурай,$2a$10$eJiTtoOoo9Bhzx4ddf/ZFubIEUQhvtnRTKhvZKDTJYaaqL4m6Ivym,7
10,test10@test.com,+145,Алексей Леухин,$2a$10$eJiTtoOoo9Bhzx4ddf/ZFubIEUQhvtnRTKhvZKDTJYaaqL4m6Ivym,11
11,test11@test.com,+155,Чип и Дейл,$2a$10$eJiTtoOoo9Bhzx4ddf/ZFubIEUQhvtnRTKhvZKDTJYaaqL4m6Ivym,22